<?xml version="1.0" encoding="UTF-8"?>
<project-private xmlns="http://www.netbeans.org/ns/project-private/1">
    <editor-bookmarks xmlns="http://www.netbeans.org/ns/editor-bookmarks/2" lastBookmarkId="0"/>
    <open-files xmlns="http://www.netbeans.org/ns/projectui-open-files/2">
        <group>
            <file>file:/C:/Users/alexi/Documents/Semestre-2020-2/Imagenes/Prácticas/Práctica03/Practica03/src/practica3/MenuFiltros.java</file>
            <file>file:/C:/Users/alexi/Documents/Semestre-2020-2/Imagenes/Prácticas/Práctica03/Practica03/src/practica3/Filtros.java</file>
        </group>
    </open-files>
</project-private>
